hour_of_day,temperature_c,cloud_cover_pct,season_day,breath_cadence_s,element_category
5.0,12.0,15.0,105,4.0,Air
5.5,13.0,20.0,105,4.0,Air
6.0,14.5,25.0,105,4.0,Air
6.5,15.0,30.0,105,4.2,Air
7.0,16.5,35.0,105,4.2,Air
7.5,17.5,30.0,105,4.5,Air
8.0,18.5,20.0,105,4.8,Flora
8.5,19.5,25.0,105,4.8,Flora
9.0,20.5,30.0,105,5.0,Flora
9.5,21.5,20.0,105,5.0,Flora
10.0,22.5,15.0,105,5.2,Flora
10.5,23.5,10.0,105,5.2,Flora
11.0,24.5,10.0,105,5.5,Earth
11.5,25.5,15.0,105,5.5,Earth
12.0,26.0,10.0,105,5.5,Earth
12.5,26.5,15.0,105,5.5,Earth
13.0,27.0,20.0,105,5.5,Earth
13.5,27.5,20.0,105,5.5,Earth
14.0,27.0,25.0,105,5.5,Earth
14.5,26.5,30.0,105,5.5,Earth
15.0,26.0,35.0,105,5.5,Earth
15.5,25.0,40.0,105,5.8,Earth
16.0,24.0,40.0,105,5.8,Water
16.5,23.5,45.0,105,6.0,Water
17.0,23.0,50.0,105,6.0,Water
17.5,22.0,50.0,105,6.2,Water
18.0,21.0,55.0,105,6.5,Water
18.5,20.0,60.0,105,6.5,Water
19.0,19.0,65.0,105,6.8,Water
19.5,18.5,70.0,105,6.8,Water
20.0,18.0,75.0,105,7.0,Stone
20.5,17.5,80.0,105,7.0,Stone
21.0,17.0,80.0,105,7.2,Stone
21.5,16.5,85.0,105,7.2,Stone
22.0,16.0,85.0,105,7.5,Stone
22.5,15.5,90.0,105,7.5,Stone
23.0,15.0,90.0,105,7.5,Stone
0.0,14.5,90.0,105,7.5,Stone
1.0,14.0,90.0,105,7.5,Stone
2.0,13.5,90.0,105,7.5,Stone
3.0,13.0,90.0,105,7.5,Stone
4.0,12.5,80.0,105,7.0,Stone
6.0,8.0,60.0,290,4.2,Air
12.0,15.0,40.0,290,5.5,Earth
17.0,12.0,70.0,290,6.5,Water
21.0,9.0,85.0,290,7.2,Stone
6.0,22.0,10.0,190,4.5,Air
13.0,32.0,5.0,190,5.5,Earth
18.0,28.0,20.0,190,6.2,Water
21.0,24.0,30.0,190,7.0,Stone
